Agency Name,Website
10Pearls,10pearls.com
Intellectsoft,intellectsoft.net
Dogtown Media,dogtownmedia.com
Rocketech,rocketech.it
Fuel Powered,fuelpowered.com
WillowTree,willowtreeapps.com
Codal,codal.com
Apiumhub,apiumhub.com
Infinium,infinium.tech
Eleks,eleks.com
Sigma Software,sigma.software
Lemberg Solutions,lembergsolutions.com
Mobindustry,mobindustry.net
Interactiv,interactiv.com
N-iX,n-ix.com
SoftServe,softserveinc.com
EPAM,epam.com
Luxoft,luxoft.com
GlobalLogic,globallogic.com
AltexSoft,altexsoft.com
Andersen,andersenlab.com
Itransition,itransition.com
ScienceSoft,sciencesoft.com
Oxagile,oxagile.com
Intellias,intellias.com
Ciklum,ciklum.com
DataArt,dataart.com
Grid Dynamics,griddynamics.com
Symphony Solutions,symphony-solutions.com
Vention,ventionteams.com
Belitsoft,belitsoft.com
Revealium,revealium.io
YouTeam,youteam.io
Toptal,toptal.com
Arc,arc.dev
Mobilunity,mobilunity.com
Daxx,daxx.com
Avenga,avenga.com
Computools,computools.com
Chetu,chetu.com
Iflexion,iflexion.com
BairesDev,bairesdev.com
Ubertesters,ubertesters.com
QArea,qarea.com
Pixelette Technologies,pixelette.net
Five,Jsfive.com
Rootstrap,rootstrap.com
Y Media Labs,ymedialabs.com
Appster,appster.com
Dom & Tom,domandtom.com
ArcTouch,arctouch.com
Zco Corporation,zco.com
Pure Logics,purelogics.com
Echobind,echobind.com
Big Nerd Ranch,bignerdranch.com
Savvy Apps,savvyapps.com
Fuel Made,fuelmade.com
Caffeine Web,caffeineweb.com
Envoc,envoc.com
Atomic Object,atomicobject.com
Little Green Software, littlegreensoftware.com